"scenario","detection_mechanism","ci_behavior","team_action"
"Critical flow failure","qa:test:critical:json or qa:quality-gates non-zero","Workflow fails","Inspect critical JSON report and fix before merge"
"Smoke flow failure","qa:test:smoke:json or smoke gate failure","Workflow fails","Restore basic app reachability and rerun"
"Coverage below target","criticalModulesCovered less than 5","Workflow fails","Add missing high-risk automation"
"Smoke timeout","smokeDurationMs greater than 180000","Workflow fails","Investigate performance or setup regression"
"Frontend lint failure","frontend lint exits non-zero","Workflow fails","Fix static issues before merge"
"Backend Go baseline failure","backend go test exits non-zero","Workflow continues","Track as informational baseline issue"
"Live API suite skipped","QA_RUN_API_TESTS false","Workflow stays green","Document limitation and rerun in full-stack environment if needed"
"Artifact generation failure","qa:metrics exits non-zero","Workflow fails","Repair metrics generation and rerun"
"CI configuration failure","workflow setup step exits non-zero","Workflow fails","Fix CI configuration before relying on evidence"
